<?xml version="1.0" encoding="utf-8"?>

<!--
@name     Fix|Unlink Cache
@author   Andrii Burkatskyi, ocmod.space@gmail.com
@version  1.0.0
@link     https://www.opencart.com/index.php?route=marketplace/extension&filter_member=ocmod.space
@link     https://github.com/ocmod-space/ocmod-fix
@licence  https://raw.githubusercontent.com/ocmod-space/ocmod-fix/main/LICENSE.txt
-->

<modification>
	<name>!ocmod.space: fix|unlink-cache</name>
	<code>fix--unlink-cache</code>
	<version>1.0.0</version>
	<author>Andrii Burkatskyi</author>
	<link>https://www.opencart.com/index.php?route=marketplace/extension&amp;filter_member=ocmod.space</link>

	<file path="admin/model/localisation/language.php">
		<operation error="log">
  			<search>
				<![CDATA[$language_data = $this->cache->get('language');]]>
			</search>
			<add position="replace">
				<![CDATA[$language_data = $this->cache->get('admin.language');]]>
			</add>
		</operation>
	</file>
	<file path="catalog/model/localisation/language.php">
		<operation error="log">
  			<search>
				<![CDATA[$language_data = $this->cache->get('language');]]>
			</search>
			<add position="replace">
				<![CDATA[$language_data = $this->cache->get('catalog.language');]]>
			</add>
		</operation>
	</file>
</modification>
